restaurant_id,restaurant_name,city,cuisine_type,restaurant_rating
R0001,Restaurant_0001,Mumbai,Italian,3.5
R0002,Restaurant_0002,Mumbai,Italian,4.5
R0003,Restaurant_0003,Kolkata,Indian,4.0
R0004,Restaurant_0004,Kolkata,South Indian,4.1
R0005,Restaurant_0005,Bengaluru,Fast Food,3.7
R0006,Restaurant_0006,Kolkata,Fast Food,4.6
R0007,Restaurant_0007,Chennai,Chinese,3.4
R0008,Restaurant_0008,Kolkata,Continental,3.4
R0009,Restaurant_0009,Mumbai,Italian,3.5
R0010,Restaurant_0010,Chennai,Chinese,4.6
R0011,Restaurant_0011,Kolkata,Indian,4.5
R0012,Restaurant_0012,Hyderabad,Fast Food,3.5
R0013,Restaurant_0013,Bengaluru,Chinese,3.3
R0014,Restaurant_0014,Mumbai,South Indian,3.1
R0015,Restaurant_0015,Delhi,Bengali,4.4
R0016,Restaurant_0016,Hyderabad,Continental,4.1
R0017,Restaurant_0017,Pune,Fast Food,4.4
R0018,Restaurant_0018,Hyderabad,Fast Food,4.4
R0019,Restaurant_0019,Kolkata,Bengali,4.7
R0020,Restaurant_0020,Bengaluru,Bengali,3.8
R0021,Restaurant_0021,Hyderabad,Chinese,4.7
R0022,Restaurant_0022,Mumbai,Fast Food,3.9
R0023,Restaurant_0023,Kolkata,Fast Food,4.4
R0024,Restaurant_0024,Delhi,Italian,4.1
R0025,Restaurant_0025,Mumbai,Indian,4.8
R0026,Restaurant_0026,Pune,Fast Food,3.7
R0027,Restaurant_0027,Chennai,Fast Food,4.4
R0028,Restaurant_0028,Kolkata,Fast Food,4.2
R0029,Restaurant_0029,Pune,Indian,5.0
R0030,Restaurant_0030,Chennai,Fast Food,3.2
R0031,Restaurant_0031,Hyderabad,Italian,4.2
R0032,Restaurant_0032,Hyderabad,Chinese,3.5
R0033,Restaurant_0033,Delhi,Bengali,4.8
R0034,Restaurant_0034,Delhi,Fast Food,4.6
R0035,Restaurant_0035,Kolkata,Fast Food,4.3
R0036,Restaurant_0036,Bengaluru,Chinese,4.0
R0037,Restaurant_0037,Hyderabad,Continental,4.4
R0038,Restaurant_0038,Delhi,Fast Food,4.1
R0039,Restaurant_0039,Bengaluru,Continental,3.6
R0040,Restaurant_0040,Mumbai,Continental,4.6
R0041,Restaurant_0041,Hyderabad,Bengali,4.0
R0042,Restaurant_0042,Bengaluru,Indian,3.5
R0043,Restaurant_0043,Bengaluru,Indian,4.3
R0044,Restaurant_0044,Chennai,South Indian,3.0
R0045,Restaurant_0045,Delhi,Indian,4.4
R0046,Restaurant_0046,Delhi,South Indian,3.9
R0047,Restaurant_0047,Kolkata,Indian,4.3
R0048,Restaurant_0048,Kolkata,Fast Food,3.3
R0049,Restaurant_0049,Hyderabad,Chinese,4.4
R0050,Restaurant_0050,Mumbai,Indian,4.4
R0051,Restaurant_0051,Bengaluru,Italian,4.5
R0052,Restaurant_0052,Bengaluru,Continental,3.9
R0053,Restaurant_0053,Pune,Bengali,4.3
R0054,Restaurant_0054,Chennai,Continental,4.1
R0055,Restaurant_0055,Bengaluru,Chinese,3.5
R0056,Restaurant_0056,Bengaluru,South Indian,3.0
R0057,Restaurant_0057,Pune,Chinese,3.8
R0058,Restaurant_0058,Delhi,Bengali,4.6
R0059,Restaurant_0059,Pune,Italian,3.6
R0060,Restaurant_0060,Pune,South Indian,4.5
R0061,Restaurant_0061,Pune,South Indian,4.3
R0062,Restaurant_0062,Bengaluru,Indian,3.7
R0063,Restaurant_0063,Delhi,South Indian,3.0
R0064,Restaurant_0064,Delhi,Fast Food,3.9
R0065,Restaurant_0065,Chennai,Italian,3.8
R0066,Restaurant_0066,Hyderabad,Indian,3.3
R0067,Restaurant_0067,Pune,Italian,4.6
R0068,Restaurant_0068,Chennai,Italian,4.9
R0069,Restaurant_0069,Hyderabad,Fast Food,3.2
R0070,Restaurant_0070,Hyderabad,Indian,3.5
R0071,Restaurant_0071,Delhi,Italian,4.3
R0072,Restaurant_0072,Kolkata,Fast Food,4.9
R0073,Restaurant_0073,Pune,Continental,4.9
R0074,Restaurant_0074,Mumbai,South Indian,4.9
R0075,Restaurant_0075,Kolkata,Indian,3.9
R0076,Restaurant_0076,Mumbai,South Indian,5.0
R0077,Restaurant_0077,Mumbai,Indian,3.7
R0078,Restaurant_0078,Mumbai,Indian,3.2
R0079,Restaurant_0079,Bengaluru,South Indian,4.4
R0080,Restaurant_0080,Chennai,Italian,4.1
R0081,Restaurant_0081,Chennai,Indian,4.6
R0082,Restaurant_0082,Kolkata,Italian,4.2
R0083,Restaurant_0083,Delhi,Italian,4.6
R0084,Restaurant_0084,Mumbai,South Indian,3.7
R0085,Restaurant_0085,Pune,Continental,3.6
R0086,Restaurant_0086,Delhi,Indian,4.5
R0087,Restaurant_0087,Hyderabad,South Indian,4.0
R0088,Restaurant_0088,Kolkata,South Indian,3.4
R0089,Restaurant_0089,Hyderabad,Continental,3.8
R0090,Restaurant_0090,Delhi,Italian,4.6
R0091,Restaurant_0091,Chennai,Chinese,4.8
R0092,Restaurant_0092,Kolkata,Continental,4.5
R0093,Restaurant_0093,Mumbai,Indian,4.4
R0094,Restaurant_0094,Pune,Bengali,4.6
R0095,Restaurant_0095,Bengaluru,South Indian,3.4
R0096,Restaurant_0096,Bengaluru,Indian,4.2
R0097,Restaurant_0097,Mumbai,Italian,4.2
R0098,Restaurant_0098,Delhi,Indian,4.9
R0099,Restaurant_0099,Kolkata,Fast Food,3.0
R0100,Restaurant_0100,Hyderabad,Chinese,4.9
R0101,Restaurant_0101,Pune,South Indian,4.5
R0102,Restaurant_0102,Mumbai,Chinese,3.0
R0103,Restaurant_0103,Bengaluru,South Indian,4.0
R0104,Restaurant_0104,Mumbai,Fast Food,3.1
R0105,Restaurant_0105,Hyderabad,Indian,4.2
R0106,Restaurant_0106,Delhi,Fast Food,3.9
R0107,Restaurant_0107,Hyderabad,South Indian,4.5
R0108,Restaurant_0108,Pune,Indian,4.2
R0109,Restaurant_0109,Chennai,Chinese,4.6
R0110,Restaurant_0110,Delhi,Fast Food,3.7
R0111,Restaurant_0111,Pune,Bengali,4.7
R0112,Restaurant_0112,Delhi,Indian,4.7
R0113,Restaurant_0113,Kolkata,South Indian,4.3
R0114,Restaurant_0114,Hyderabad,Fast Food,3.5
R0115,Restaurant_0115,Chennai,Bengali,5.0
R0116,Restaurant_0116,Mumbai,Indian,4.6
R0117,Restaurant_0117,Delhi,Indian,4.7
R0118,Restaurant_0118,Pune,Italian,3.0
R0119,Restaurant_0119,Pune,Bengali,4.7
R0120,Restaurant_0120,Kolkata,Fast Food,3.4
R0121,Restaurant_0121,Kolkata,South Indian,4.0
R0122,Restaurant_0122,Delhi,Chinese,4.4
R0123,Restaurant_0123,Kolkata,South Indian,3.8
R0124,Restaurant_0124,Chennai,Indian,3.5
R0125,Restaurant_0125,Hyderabad,Chinese,4.0
R0126,Restaurant_0126,Hyderabad,Fast Food,3.6
R0127,Restaurant_0127,Hyderabad,Continental,4.2
R0128,Restaurant_0128,Delhi,South Indian,3.2
R0129,Restaurant_0129,Kolkata,Bengali,3.8
R0130,Restaurant_0130,Pune,Continental,4.2
R0131,Restaurant_0131,Delhi,Italian,5.0
R0132,Restaurant_0132,Mumbai,South Indian,4.0
R0133,Restaurant_0133,Delhi,South Indian,3.9
R0134,Restaurant_0134,Delhi,Indian,5.0
R0135,Restaurant_0135,Chennai,Continental,4.9
R0136,Restaurant_0136,Bengaluru,South Indian,4.3
R0137,Restaurant_0137,Bengaluru,Chinese,4.1
R0138,Restaurant_0138,Kolkata,Fast Food,3.5
R0139,Restaurant_0139,Hyderabad,Italian,4.2
R0140,Restaurant_0140,Kolkata,Indian,4.7
R0141,Restaurant_0141,Pune,South Indian,5.0
R0142,Restaurant_0142,Pune,Indian,3.3
R0143,Restaurant_0143,Hyderabad,South Indian,3.5
R0144,Restaurant_0144,Delhi,South Indian,4.8
R0145,Restaurant_0145,Mumbai,Chinese,4.7
R0146,Restaurant_0146,Chennai,Fast Food,4.4
R0147,Restaurant_0147,Pune,Bengali,3.2
R0148,Restaurant_0148,Bengaluru,Italian,4.4
R0149,Restaurant_0149,Bengaluru,Indian,3.9
R0150,Restaurant_0150,Bengaluru,Fast Food,3.7
R0151,Restaurant_0151,Delhi,Chinese,3.5
R0152,Restaurant_0152,Hyderabad,Chinese,3.6
R0153,Restaurant_0153,Bengaluru,Chinese,4.1
R0154,Restaurant_0154,Kolkata,Bengali,3.3
R0155,Restaurant_0155,Mumbai,Continental,4.0
R0156,Restaurant_0156,Delhi,Fast Food,3.1
R0157,Restaurant_0157,Hyderabad,Fast Food,3.8
R0158,Restaurant_0158,Kolkata,Chinese,4.9
R0159,Restaurant_0159,Hyderabad,South Indian,4.5
R0160,Restaurant_0160,Bengaluru,Italian,3.1
R0161,Restaurant_0161,Mumbai,Bengali,4.4
R0162,Restaurant_0162,Delhi,South Indian,3.4
R0163,Restaurant_0163,Kolkata,Chinese,3.9
R0164,Restaurant_0164,Delhi,Italian,3.6
R0165,Restaurant_0165,Kolkata,Italian,4.9
R0166,Restaurant_0166,Bengaluru,Continental,3.1
R0167,Restaurant_0167,Delhi,Continental,4.8
R0168,Restaurant_0168,Bengaluru,Continental,4.4
R0169,Restaurant_0169,Delhi,Bengali,3.7
R0170,Restaurant_0170,Bengaluru,South Indian,4.8
R0171,Restaurant_0171,Delhi,Fast Food,3.8
R0172,Restaurant_0172,Kolkata,Fast Food,4.4
R0173,Restaurant_0173,Bengaluru,South Indian,4.6
R0174,Restaurant_0174,Chennai,Continental,3.6
R0175,Restaurant_0175,Mumbai,Italian,3.1
R0176,Restaurant_0176,Hyderabad,South Indian,4.7
R0177,Restaurant_0177,Kolkata,South Indian,3.5
R0178,Restaurant_0178,Kolkata,Fast Food,4.9
R0179,Restaurant_0179,Pune,Continental,3.6
R0180,Restaurant_0180,Mumbai,Indian,3.8
R0181,Restaurant_0181,Mumbai,Fast Food,3.9
R0182,Restaurant_0182,Bengaluru,Fast Food,3.9
R0183,Restaurant_0183,Bengaluru,Continental,4.9
R0184,Restaurant_0184,Bengaluru,Chinese,3.5
R0185,Restaurant_0185,Pune,South Indian,4.2
R0186,Restaurant_0186,Chennai,Indian,3.6
R0187,Restaurant_0187,Kolkata,Indian,3.3
R0188,Restaurant_0188,Kolkata,South Indian,3.6
R0189,Restaurant_0189,Hyderabad,Continental,4.1
R0190,Restaurant_0190,Chennai,Chinese,4.2
R0191,Restaurant_0191,Mumbai,Fast Food,3.5
R0192,Restaurant_0192,Pune,Indian,5.0
R0193,Restaurant_0193,Kolkata,Indian,3.7
R0194,Restaurant_0194,Pune,South Indian,4.7
R0195,Restaurant_0195,Chennai,Chinese,3.1
R0196,Restaurant_0196,Delhi,Indian,4.4
R0197,Restaurant_0197,Hyderabad,Continental,3.6
R0198,Restaurant_0198,Bengaluru,Continental,4.1
R0199,Restaurant_0199,Pune,Indian,4.7
R0200,Restaurant_0200,Pune,Continental,4.4
R0201,Restaurant_0201,Pune,Indian,3.7
R0202,Restaurant_0202,Pune,Fast Food,4.5
R0203,Restaurant_0203,Kolkata,Fast Food,3.8
R0204,Restaurant_0204,Delhi,Italian,3.1
R0205,Restaurant_0205,Delhi,Indian,4.3
R0206,Restaurant_0206,Kolkata,Bengali,4.9
R0207,Restaurant_0207,Pune,Continental,3.2
R0208,Restaurant_0208,Bengaluru,Indian,4.4
R0209,Restaurant_0209,Mumbai,Fast Food,4.7
R0210,Restaurant_0210,Kolkata,South Indian,4.2
R0211,Restaurant_0211,Pune,Continental,4.0
R0212,Restaurant_0212,Bengaluru,Chinese,3.5
R0213,Restaurant_0213,Delhi,South Indian,3.4
R0214,Restaurant_0214,Delhi,Bengali,3.8
R0215,Restaurant_0215,Kolkata,South Indian,4.3
R0216,Restaurant_0216,Pune,Chinese,3.6
R0217,Restaurant_0217,Kolkata,Bengali,4.0
R0218,Restaurant_0218,Hyderabad,Continental,4.2
R0219,Restaurant_0219,Bengaluru,Fast Food,3.4
R0220,Restaurant_0220,Hyderabad,Chinese,4.5
R0221,Restaurant_0221,Bengaluru,Indian,4.3
R0222,Restaurant_0222,Pune,Italian,4.2
R0223,Restaurant_0223,Delhi,Chinese,4.0
R0224,Restaurant_0224,Hyderabad,Chinese,3.7
R0225,Restaurant_0225,Chennai,Chinese,4.1
R0226,Restaurant_0226,Delhi,Bengali,4.5
R0227,Restaurant_0227,Pune,Indian,4.4
R0228,Restaurant_0228,Pune,Continental,4.5
R0229,Restaurant_0229,Mumbai,Indian,3.4
R0230,Restaurant_0230,Mumbai,Chinese,4.6
R0231,Restaurant_0231,Hyderabad,Bengali,3.7
R0232,Restaurant_0232,Chennai,Indian,3.5
R0233,Restaurant_0233,Kolkata,Bengali,3.2
R0234,Restaurant_0234,Kolkata,Indian,4.7
R0235,Restaurant_0235,Bengaluru,Continental,4.2
R0236,Restaurant_0236,Hyderabad,South Indian,4.7
R0237,Restaurant_0237,Mumbai,Italian,4.1
R0238,Restaurant_0238,Delhi,South Indian,4.7
R0239,Restaurant_0239,Mumbai,Bengali,4.1
R0240,Restaurant_0240,Mumbai,Fast Food,4.3
R0241,Restaurant_0241,Pune,Fast Food,3.1
R0242,Restaurant_0242,Delhi,Fast Food,4.3
R0243,Restaurant_0243,Mumbai,Continental,4.2
R0244,Restaurant_0244,Kolkata,Indian,3.5
R0245,Restaurant_0245,Mumbai,Fast Food,3.2
R0246,Restaurant_0246,Pune,Continental,3.7
R0247,Restaurant_0247,Kolkata,Chinese,3.1
R0248,Restaurant_0248,Mumbai,Fast Food,4.2
R0249,Restaurant_0249,Bengaluru,South Indian,4.1
R0250,Restaurant_0250,Delhi,South Indian,4.8
R0251,Restaurant_0251,Pune,South Indian,4.0
R0252,Restaurant_0252,Pune,Italian,4.5
R0253,Restaurant_0253,Mumbai,Continental,4.3
R0254,Restaurant_0254,Hyderabad,Fast Food,4.4
R0255,Restaurant_0255,Pune,Bengali,3.6
R0256,Restaurant_0256,Pune,South Indian,3.8
R0257,Restaurant_0257,Hyderabad,Continental,3.2
R0258,Restaurant_0258,Kolkata,Italian,4.3
R0259,Restaurant_0259,Mumbai,Continental,3.6
R0260,Restaurant_0260,Bengaluru,Indian,4.1
R0261,Restaurant_0261,Hyderabad,Fast Food,4.8
R0262,Restaurant_0262,Bengaluru,South Indian,4.4
R0263,Restaurant_0263,Kolkata,South Indian,3.5
R0264,Restaurant_0264,Chennai,South Indian,4.0
R0265,Restaurant_0265,Kolkata,Bengali,4.2
R0266,Restaurant_0266,Pune,Chinese,4.7
R0267,Restaurant_0267,Chennai,Chinese,4.6
R0268,Restaurant_0268,Pune,Continental,3.6
R0269,Restaurant_0269,Delhi,Italian,4.8
R0270,Restaurant_0270,Delhi,Chinese,3.3
R0271,Restaurant_0271,Pune,Indian,3.6
R0272,Restaurant_0272,Bengaluru,Italian,3.1
R0273,Restaurant_0273,Mumbai,Fast Food,3.6
R0274,Restaurant_0274,Mumbai,Italian,3.8
R0275,Restaurant_0275,Bengaluru,Bengali,3.5
R0276,Restaurant_0276,Delhi,South Indian,3.0
R0277,Restaurant_0277,Mumbai,South Indian,3.0
R0278,Restaurant_0278,Kolkata,Indian,4.8
R0279,Restaurant_0279,Kolkata,Italian,4.5
R0280,Restaurant_0280,Hyderabad,South Indian,4.4
R0281,Restaurant_0281,Delhi,South Indian,4.6
R0282,Restaurant_0282,Pune,Italian,4.4
R0283,Restaurant_0283,Kolkata,Chinese,3.1
R0284,Restaurant_0284,Mumbai,Chinese,4.9
R0285,Restaurant_0285,Mumbai,Indian,3.9
R0286,Restaurant_0286,Hyderabad,Indian,3.9
R0287,Restaurant_0287,Delhi,Continental,4.8
R0288,Restaurant_0288,Delhi,Italian,3.4
R0289,Restaurant_0289,Chennai,Italian,3.6
R0290,Restaurant_0290,Kolkata,Bengali,4.7
R0291,Restaurant_0291,Chennai,Bengali,4.0
R0292,Restaurant_0292,Bengaluru,Indian,3.8
R0293,Restaurant_0293,Kolkata,Continental,4.9
R0294,Restaurant_0294,Delhi,Bengali,4.8
R0295,Restaurant_0295,Bengaluru,Bengali,4.8
R0296,Restaurant_0296,Pune,Bengali,3.4
R0297,Restaurant_0297,Pune,Continental,4.7
R0298,Restaurant_0298,Mumbai,Continental,4.3
R0299,Restaurant_0299,Pune,Indian,4.4
R0300,Restaurant_0300,Bengaluru,South Indian,3.1
R0301,Restaurant_0301,Mumbai,Chinese,4.1
R0302,Restaurant_0302,Kolkata,Indian,3.4
R0303,Restaurant_0303,Hyderabad,Bengali,4.9
R0304,Restaurant_0304,Pune,Bengali,4.1
R0305,Restaurant_0305,Pune,Bengali,4.2
R0306,Restaurant_0306,Mumbai,Indian,3.5
R0307,Restaurant_0307,Pune,South Indian,3.8
R0308,Restaurant_0308,Hyderabad,Bengali,4.1
R0309,Restaurant_0309,Hyderabad,Indian,4.6
R0310,Restaurant_0310,Bengaluru,Italian,4.2
R0311,Restaurant_0311,Pune,Indian,3.2
R0312,Restaurant_0312,Pune,Continental,3.9
R0313,Restaurant_0313,Chennai,Fast Food,3.6
R0314,Restaurant_0314,Mumbai,Bengali,4.1
R0315,Restaurant_0315,Delhi,Indian,3.9
R0316,Restaurant_0316,Kolkata,Fast Food,3.0
R0317,Restaurant_0317,Hyderabad,Italian,3.4
R0318,Restaurant_0318,Delhi,South Indian,4.3
R0319,Restaurant_0319,Pune,Fast Food,4.1
R0320,Restaurant_0320,Pune,Italian,3.1
R0321,Restaurant_0321,Chennai,Continental,4.2
R0322,Restaurant_0322,Chennai,Chinese,4.0
R0323,Restaurant_0323,Bengaluru,Italian,3.3
R0324,Restaurant_0324,Chennai,Chinese,3.0
R0325,Restaurant_0325,Kolkata,Italian,3.7
R0326,Restaurant_0326,Delhi,Fast Food,4.6
R0327,Restaurant_0327,Chennai,Bengali,3.3
R0328,Restaurant_0328,Hyderabad,Continental,4.9
R0329,Restaurant_0329,Chennai,Continental,4.1
R0330,Restaurant_0330,Delhi,Italian,4.5
R0331,Restaurant_0331,Hyderabad,Fast Food,5.0
R0332,Restaurant_0332,Delhi,Bengali,3.5
R0333,Restaurant_0333,Chennai,Italian,4.2
R0334,Restaurant_0334,Kolkata,Italian,3.7
R0335,Restaurant_0335,Mumbai,Indian,3.2
R0336,Restaurant_0336,Hyderabad,Bengali,4.6
R0337,Restaurant_0337,Delhi,South Indian,3.0
R0338,Restaurant_0338,Chennai,Continental,4.7
R0339,Restaurant_0339,Hyderabad,Italian,4.6
R0340,Restaurant_0340,Kolkata,Indian,4.3
R0341,Restaurant_0341,Hyderabad,Bengali,4.2
R0342,Restaurant_0342,Mumbai,Italian,4.7
R0343,Restaurant_0343,Delhi,Continental,3.1
R0344,Restaurant_0344,Kolkata,South Indian,4.5
R0345,Restaurant_0345,Chennai,Continental,3.4
R0346,Restaurant_0346,Mumbai,Italian,3.0
R0347,Restaurant_0347,Pune,Bengali,3.6
R0348,Restaurant_0348,Delhi,Indian,3.7
R0349,Restaurant_0349,Chennai,Indian,3.4
R0350,Restaurant_0350,Mumbai,Italian,4.4
R0351,Restaurant_0351,Kolkata,Italian,4.1
R0352,Restaurant_0352,Delhi,South Indian,4.8
R0353,Restaurant_0353,Kolkata,Chinese,4.5
R0354,Restaurant_0354,Pune,Continental,4.7
R0355,Restaurant_0355,Chennai,Fast Food,4.8
R0356,Restaurant_0356,Bengaluru,Continental,4.6
R0357,Restaurant_0357,Kolkata,Italian,3.2
R0358,Restaurant_0358,Pune,Bengali,3.4
R0359,Restaurant_0359,Hyderabad,Bengali,3.8
R0360,Restaurant_0360,Pune,Fast Food,3.7
R0361,Restaurant_0361,Delhi,Fast Food,4.8
R0362,Restaurant_0362,Hyderabad,Bengali,4.0
R0363,Restaurant_0363,Bengaluru,Continental,4.8
R0364,Restaurant_0364,Mumbai,Bengali,3.8
R0365,Restaurant_0365,Hyderabad,Chinese,4.8
R0366,Restaurant_0366,Chennai,Chinese,3.1
R0367,Restaurant_0367,Mumbai,Italian,3.9
R0368,Restaurant_0368,Mumbai,Italian,4.8
R0369,Restaurant_0369,Hyderabad,Chinese,3.9
R0370,Restaurant_0370,Kolkata,Bengali,4.5
R0371,Restaurant_0371,Hyderabad,Chinese,3.7
R0372,Restaurant_0372,Kolkata,Continental,4.7
R0373,Restaurant_0373,Hyderabad,Italian,4.3
R0374,Restaurant_0374,Chennai,South Indian,4.6
R0375,Restaurant_0375,Chennai,Fast Food,4.1
R0376,Restaurant_0376,Bengaluru,Continental,4.3
R0377,Restaurant_0377,Hyderabad,South Indian,4.1
R0378,Restaurant_0378,Delhi,Chinese,4.1
R0379,Restaurant_0379,Delhi,Bengali,4.4
R0380,Restaurant_0380,Hyderabad,Indian,3.2
R0381,Restaurant_0381,Chennai,Chinese,4.5
R0382,Restaurant_0382,Hyderabad,Continental,3.7
R0383,Restaurant_0383,Delhi,Indian,3.0
R0384,Restaurant_0384,Hyderabad,Italian,4.3
R0385,Restaurant_0385,Delhi,Indian,4.2
R0386,Restaurant_0386,Mumbai,Bengali,4.5
R0387,Restaurant_0387,Pune,Fast Food,5.0
R0388,Restaurant_0388,Hyderabad,Indian,3.9
R0389,Restaurant_0389,Delhi,Indian,4.9
R0390,Restaurant_0390,Kolkata,Continental,4.2
R0391,Restaurant_0391,Bengaluru,Chinese,3.7
R0392,Restaurant_0392,Bengaluru,Indian,4.4
R0393,Restaurant_0393,Hyderabad,Indian,3.4
R0394,Restaurant_0394,Kolkata,Continental,4.9
R0395,Restaurant_0395,Mumbai,Continental,3.9
R0396,Restaurant_0396,Delhi,Chinese,3.0
R0397,Restaurant_0397,Pune,Chinese,4.3
R0398,Restaurant_0398,Bengaluru,Chinese,3.2
R0399,Restaurant_0399,Hyderabad,Bengali,3.2
R0400,Restaurant_0400,Delhi,Fast Food,3.0
R0401,Restaurant_0401,Pune,Fast Food,4.8
R0402,Restaurant_0402,Bengaluru,Italian,3.1
R0403,Restaurant_0403,Hyderabad,South Indian,4.1
R0404,Restaurant_0404,Mumbai,Chinese,4.0
R0405,Restaurant_0405,Bengaluru,Continental,4.8
R0406,Restaurant_0406,Kolkata,South Indian,4.8
R0407,Restaurant_0407,Mumbai,Continental,4.8
R0408,Restaurant_0408,Delhi,Chinese,3.8
R0409,Restaurant_0409,Kolkata,Continental,3.9
R0410,Restaurant_0410,Pune,Italian,4.7
R0411,Restaurant_0411,Hyderabad,South Indian,3.2
R0412,Restaurant_0412,Mumbai,Indian,3.2
R0413,Restaurant_0413,Kolkata,Chinese,4.8
R0414,Restaurant_0414,Hyderabad,Bengali,3.1
R0415,Restaurant_0415,Kolkata,Bengali,3.8
R0416,Restaurant_0416,Mumbai,Indian,3.4
R0417,Restaurant_0417,Bengaluru,Indian,3.2
R0418,Restaurant_0418,Bengaluru,Fast Food,4.9
R0419,Restaurant_0419,Pune,Chinese,3.3
R0420,Restaurant_0420,Mumbai,Fast Food,3.9
R0421,Restaurant_0421,Bengaluru,Chinese,3.5
R0422,Restaurant_0422,Mumbai,Chinese,4.0
R0423,Restaurant_0423,Bengaluru,Indian,4.5
R0424,Restaurant_0424,Pune,Bengali,4.3
R0425,Restaurant_0425,Delhi,Bengali,4.1
R0426,Restaurant_0426,Bengaluru,South Indian,4.0
R0427,Restaurant_0427,Mumbai,Fast Food,3.3
R0428,Restaurant_0428,Chennai,South Indian,3.8
R0429,Restaurant_0429,Hyderabad,Chinese,4.8
R0430,Restaurant_0430,Hyderabad,Italian,4.6
R0431,Restaurant_0431,Pune,Indian,3.1
R0432,Restaurant_0432,Mumbai,South Indian,4.7
R0433,Restaurant_0433,Mumbai,Italian,4.7
R0434,Restaurant_0434,Chennai,Chinese,4.6
R0435,Restaurant_0435,Delhi,Continental,4.6
R0436,Restaurant_0436,Bengaluru,Bengali,5.0
R0437,Restaurant_0437,Chennai,Indian,3.1
R0438,Restaurant_0438,Pune,Indian,3.8
R0439,Restaurant_0439,Mumbai,Italian,4.9
R0440,Restaurant_0440,Bengaluru,Continental,4.1
R0441,Restaurant_0441,Hyderabad,Indian,4.4
R0442,Restaurant_0442,Delhi,Italian,3.7
R0443,Restaurant_0443,Bengaluru,Italian,3.4
R0444,Restaurant_0444,Kolkata,South Indian,5.0
R0445,Restaurant_0445,Pune,South Indian,3.7
R0446,Restaurant_0446,Pune,Bengali,4.1
R0447,Restaurant_0447,Chennai,Fast Food,3.5
R0448,Restaurant_0448,Mumbai,Indian,4.9
R0449,Restaurant_0449,Hyderabad,Italian,3.5
R0450,Restaurant_0450,Hyderabad,Indian,4.8
R0451,Restaurant_0451,Bengaluru,Italian,3.6
R0452,Restaurant_0452,Chennai,Chinese,4.9
R0453,Restaurant_0453,Mumbai,Continental,3.7
R0454,Restaurant_0454,Kolkata,South Indian,4.7
R0455,Restaurant_0455,Bengaluru,Chinese,4.2
R0456,Restaurant_0456,Chennai,South Indian,3.2
R0457,Restaurant_0457,Kolkata,Fast Food,3.6
R0458,Restaurant_0458,Delhi,Chinese,4.5
R0459,Restaurant_0459,Delhi,Bengali,4.3
R0460,Restaurant_0460,Pune,Bengali,3.7
R0461,Restaurant_0461,Pune,Continental,3.4
R0462,Restaurant_0462,Delhi,Italian,4.7
R0463,Restaurant_0463,Hyderabad,South Indian,4.2
R0464,Restaurant_0464,Pune,Bengali,4.4
R0465,Restaurant_0465,Pune,Italian,4.0
R0466,Restaurant_0466,Chennai,Italian,3.7
R0467,Restaurant_0467,Hyderabad,Continental,3.8
R0468,Restaurant_0468,Mumbai,Continental,3.1
R0469,Restaurant_0469,Delhi,Chinese,4.9
R0470,Restaurant_0470,Pune,Bengali,3.7
R0471,Restaurant_0471,Mumbai,Indian,4.0
R0472,Restaurant_0472,Chennai,Italian,3.7
R0473,Restaurant_0473,Delhi,Continental,3.7
R0474,Restaurant_0474,Pune,South Indian,4.4
R0475,Restaurant_0475,Delhi,Bengali,4.3
R0476,Restaurant_0476,Chennai,Fast Food,4.6
R0477,Restaurant_0477,Hyderabad,Bengali,3.1
R0478,Restaurant_0478,Pune,Bengali,4.7
R0479,Restaurant_0479,Pune,Indian,4.9
R0480,Restaurant_0480,Mumbai,Indian,5.0
R0481,Restaurant_0481,Mumbai,Bengali,3.3
R0482,Restaurant_0482,Pune,Indian,4.0
R0483,Restaurant_0483,Delhi,Indian,4.9
R0484,Restaurant_0484,Hyderabad,Italian,4.5
R0485,Restaurant_0485,Delhi,Bengali,3.1
R0486,Restaurant_0486,Kolkata,Fast Food,4.7
R0487,Restaurant_0487,Delhi,Continental,4.7
R0488,Restaurant_0488,Bengaluru,South Indian,4.6
R0489,Restaurant_0489,Kolkata,Continental,3.8
R0490,Restaurant_0490,Bengaluru,Italian,4.3
R0491,Restaurant_0491,Mumbai,South Indian,4.4
R0492,Restaurant_0492,Pune,Indian,3.8
R0493,Restaurant_0493,Bengaluru,Indian,4.6
R0494,Restaurant_0494,Pune,South Indian,3.5
R0495,Restaurant_0495,Bengaluru,Italian,3.4
R0496,Restaurant_0496,Pune,Bengali,4.7
R0497,Restaurant_0497,Delhi,Continental,3.7
R0498,Restaurant_0498,Kolkata,Fast Food,3.1
R0499,Restaurant_0499,Kolkata,Italian,4.7
R0500,Restaurant_0500,Kolkata,South Indian,4.6
